,Age,EstimatedSalary,Purchased
count,400.0,400.0,400.0
mean,37.655,69742.5,0.3575
std,10.482876597307914,34096.960282424785,0.47986396359687034
min,18.0,15000.0,0.0
25%,29.75,43000.0,0.0
50%,37.0,70000.0,0.0
75%,46.0,88000.0,1.0
max,60.0,150000.0,1.0
